,Title,Shop_Name,Is_Ad,Star_Rating,Num_Reviews,Price,Is_Bestseller,Num_Sales,Num_Basket,Description,Days_to_Arrival,Cost_Delivery,Returns_Accepted,Dispatched_From,Num_Images,Category
0,"Happy birthday card, Bird birthday card, Nature lover birthday card, 3d Birthday card, Wife birthday card, Mum birthday card, birthday card",17,1,5,"2,361",4.99,1,"14,024",20,"Each piece at Chau Art is originally hand designed and elaborately cut, which then be laser produced on 300 gsm FSC certified paper. Chaus designs are noted for their intricate and feminine visuals inspired by nature and the surrounding world, making it card a piece of miniature card to keep, to",3.0,0.99,1,United Kingdom,1,birthday card
1,Funny Quarantine Card - Quarantine Birthday - Social Distancing Card - Funny Birthday Card - Card for Friend,1,1,5,272,4.70,1,"1,464",6,Our Cards are hand illustrated and printed on a digital press white cover stock.  MATERIAL & PACKAGING: - Printed on white cover stock. - Card measures 4.25 x 5.5 inches folded (A2) - Blank inside for your personal message. - Includes A2 envelope for your card. - Card packaged in a protective,,23.52,0,United States,1,birthday card
2,Personalised 60th Birthday Wooden Freestanding Heart With Lucky Sixpence From 1960 Birthday Card Gift Alternative,3,1,5,166,12.95,1,"1,526",1,Perfect for that special occasion Our 60th birthday card freestanding hearts feature a sixpence from 1960 A lovely alternative to a birthday card. Every 60th birthday needs to be remembered and this fantastic birthday card will be everlasting. All sixpences are cleaned and polished. Made from 4 mm,3.0,0.0,1,United Kingdom,1,birthday card
3,Christmas Tree Enamel Pin Card - Christmas greeting card - Holiday Greeting Card - Merry Christmas Card - Pin Card,67,1,5,"10,544",3.82,1,"70,092",17,"A unique Christmas greeting card that features a beautiful Christmas tree in black and gold. This is a stand out Christmas card, and the recipient can wear the enamel pin through the festive season!  Each enamel pin card is packaged in a protective envelope to ensure your card arrives in perfect",,0.95,1,United Kingdom,1,birthday card
4,"Happy Birthday From The Best Decision You Ever Made Greeting Card |Deadpan Birthday Card For Parent,Funny Birthday Card For Husband,For Wife",49,1,5,83,3.00,1,958,20,Every greeting card is individually printed on 324gsm card and comes with a fresh white envelope at no extra cost.  Click the link to personalise with a FREE internal message (no emojis please) and ship direct to recipient for zero contact gifting!  *Important: If you choose to personalise the card,7.0,1.95,1,United Kingdom,2,birthday card
5,"Donald Trump Recount Birthday Card, Funny Birthday Card, 30th, 40th, 50th, Greetings Card, for Him, Lockdown, for Her, US Election",64,0,5,"3,866",3.20,1,"37,945",20,"Donald Trump Recount Birthday Card, Funny Birthday Card, 30th, 40th, 50th, Greetings Card, for Him, Lockdown, for Her, US Election  - 3 for 2 OFFER! - Buy ANY two cards from NotNiceThings and when you place your order, leave an order note telling us which third card youd like us to include from our",3.0,0.76,1,United Kingdom,4,birthday card
6,WAP Birthday Card - Cardi B Birthday Card - Cardi B & Megan Thee Stallion WAP - Funny Card - WAP Card,83,0,5,417,2.65,1,"3,895",20,"WAP card based off the iconic music video by Cardi B & Megan Thee Stallion. Matching gift wrap is available on my store but is not included in this listing.  IF YOU WISH TO SEND THE CARD DIRECTLY TO THE RECIPIENT, PLEASE WRITE A GIFT MESSAGE AND ENTER THE RECIPIENTS ADDRESS AND NOT YOUR OWN.  **",,0.4,0,United Kingdom,3,birthday card
7,"Well, This Is Awkward - Pandemic Funny Birthday Card",71,0,5,995,2.20,1,"8,535",20,A6 300gsm card left blank inside for your own message. Includes Kraft envelope & compostable cellophane bag.,4.0,1.5,1,United Kingdom,1,birthday card
8,"Funny 2020 Birthday Card for Him or Her, Funny Lockdown Birthday Gift Card",58,0,5,"5,519",1.95,1,"38,273",20,"‚úö About the item:  Hello, you are looking at our 2020 lockdown birthday card. The card features a cute birthday bin with the message Happy 2020 Birthday! The year the bin went out more than you!  The card measures 148 X 148mm and is blank inside for you to write your own personal message. The card",3.0,1.25,1,United Kingdom,1,birthday card
9,Cats Birthday Card,37,0,5,"1,023",2.50,1,"5,817",20,Perfect card to say Happy Birthday for the cat lover!  „ÉªBased on my original illustration and professionally printed in the UK. „ÉªBlank inside for your own message. „ÉªSize : A6 ( W 14.8cm x H 10.5cm / 5.82 x 4.13)  This card is printed on 280gsm slightly textured paper and comes with recycled brown,4.0,1.0,1,United Kingdom,3,birthday card
10,Handmade crocheted turtle/tortoise birthday card with free personalisation if required,69,0,5,555,2.50,1,"3,004",3,This very cute birthday card features a turtle/tortoise crocheted by me in 100% acrylic yarn   A small wooden heart shaped button completes this design  Card size 11cm x 15 1/2cm  Free personalisation to the front of the card/alternative greeting if required (please message me with details)  This,,1.2,0,United Kingdom,1,birthday card
11,"Birthday Card for Her, Floral Birthday card, Womens Greetings Card, Personalised Birthday Card, Womens Birthday Card, Female Birthday Card",22,0,5,"2,626",2.94,1,"17,471",20,"You can personalise this card with any name!  This personalised birthday card is the perfect way to wish someone a very Happy Birthday!  Card Details - The inside of the card is left blank for your own personal message - The card fits to a 6 x 6 inch envelope - Cut from a high quality (300 gsm),",4.0,0.95,1,United Kingdom,6,birthday card
12,1st Birthday Card / First Birthday Card / Personalised / Girl / Birthday Card / Personalised Girl Card / Greetings Card / Cards,25,0,5,"1,544",3.75,1,"10,203",20,"***HOW TO ORDER*** Please leave a note to seller of recipients name.  ___________________________________________________________________________________   ***FINISH***  Please note this is for a 5x7 Greetings Card.  Please note that your physical print may vary from the colour you see on screen,",4.0,0.0,1,United Kingdom,1,birthday card
13,Plague Doctor Birthday Card,35,0,5,390,2.70,1,"2,241",20,"For those of us who will be spending their birthdays self isolating.  A6 300 gsm card.  Also available as a bundle pack of 6: https://www.etsy.com/uk/listing/816542815/plague-doctor-bundle-pack-of-6?ref=shop_home_active_15&frs=1&crt=1  *During these strange times, you may want to post this card",4.0,0.0,0,United Kingdom,5,birthday card
14,Birthday Card - Pop Out Penis Card - Surprise - Pop Out Card - Pop Up Card - Funny Birthday Card - Dick Jokes - Banter - Dick - Willy - Cock,43,0,4.5,228,2.99,1,"2,777",20,Pop Out Penis Card Surprise Birthday Card! Give your penis loving friend a big surprise for their birthday with this hilarious pop up card!  All of our cards are printed on high quality recycled 300gsm linen card stock for a luxury feel. Every card comes with a vintage style brown envelope and,,1.0,0,United Kingdom,4,birthday card
15,Hamilton King George Musical Birthday Card,98,0,5,287,2.99,1,"3,850",20,300gsm Premium Matte Card A4 folded to A5 Includes separate white envelope,6.0,0.75,1,United Kingdom,1,birthday card
16,"Daughter Birthday Card, Niece Birthday Card, Sister Birthday Card, Sister-in-law Birthday Card, Auntie Birthday Card, Mum Birthday Card,",55,0,5,83,3.75,1,747,20,"This is a Daughter Birthday card, Sister Birthday Card, Mum Birthday Card, Daughter-in-law Birthday Card, Sister-in-law Birthday Card, Niece Birthday Card, Cousin Birthday Card, Friend Birthday Card, Mother-in-law Birthday Card, It is handmade to order.  The card is a heart and flower design. The",6.0,0.0,1,United Kingdom,4,birthday card
17,Best Friend Happy Birthday Handmade Card Sister/ Cousin 18th 21st 25th 30th 35th 40th 50th 60th Personalised,4,0,5,"4,125",3.55,1,"32,311",20,"Womens Birthday Card Using high quality materials to create a lovely, handmade card for a special birthday , choose a card unique for them to cherish . With our competitive prices and attention to detail, our handmade birthday cards are printed on a high quality textured card with a personal touch",5.0,0.0,1,United Kingdom,9,birthday card
18,Salah Birthday Card,39,0,5,"2,070",2.95,1,"17,011",20,FREE SHIPPING on all greetings cards via First Class Royal Mail. The card has been left blank inside for you to add your own personal message by hand. Posted in a board backed envelope to ensure your cards stay flat during shipping As a company we work with Offset Earth to plant trees to reduce our,3.0,0.0,0,United Kingdom,3,birthday card
19,"Boris Johnson Funny Birthday Card UK, Lockdown Card, Funny Quarantine Birthday Cards for Him, Greetings Card, for Her, Boyfriend, Girlfriend",64,0,5,"3,866",3.20,1,"37,951",20,"Boris Johnson Funny Birthday Card UK, Lockdown Card, Funny Quarantine Birthday Cards for Him, Greetings Card, for Her, Boyfriend, Girlfriend, Tory, Tories  - 3 for 2 OFFER! - Buy ANY two cards from NotNiceThings and when you place your order, leave an order note telling us which third card youd like",3.0,0.76,1,United Kingdom,4,birthday card
20,"MULTIPACK of 20 BIRTHDAY CARDS, 10 Assorted Designs Cards for Kids, Friends, His/Him Card Blank Inside, Pack of Greeting Cards, 20 Envelopes",82,1,5,8,12.99,1,60,20,"This bestselling Big Boat 20 Pieces Birthday Cards Pack is fun, sweet, and party-ready set to raise a smile. It is full of character and colourful designs to stand out from the crowd and lovely to give to friends and family.  Beautifully printed with a matte finish, our cards feel smooth and velvety",5.0,0.0,0,United Kingdom,7,birthday card
21,Mother's Day & Birthday Card | Mamaa Ooh Ooh Ooooh | Funny Mother's Day Cards,77,1,5,"3,298",2.95,1,"27,249",20,"‚ôªÔ∏è Recycled Paper & Card ‚úÖ üèñ Biodegradable Packaging ‚úÖ üì¨ Express Shipping ‚úÖ üíå Designs Youll Love ‚úÖ  Is this the real life? Is this the best mothers day card? (Yes it is)  Just choose your size and inside of card option, well handle the rest.  We can even send cards directly to your loved ones, just",,0.95,1,United Kingdom,2,birthday card
22,Over The Moon Love Couple 3D Pop-up Card. New arrival!,13,1,5,45,8.99,1,214,1,"A brand new elegant detailed 3D love couple pop-up card to celebrate with the one you love on the occasion you enjoy the most! The card is designed for a marriage anniversary, valentines day, newlyweds and honeryners and all love occasions. This amazing clearly handcrafted card, will pop-up open in",4.0,2.45,0,United Kingdom,4,birthday card
23,Recordable Audio Christmas Cards - Tree Joy - With 30 second Audio,80,1,4.5,41,6.70,1,2,0,"This fun loving quirky jar full of 365 uplifting, motivational quotes, will touch you with a little bit of happiness every single day, for the whole year. Perfect constant daily reminders to lift you and put a smile on your face!  Where will you place yours? Perhaps you‚Äôll have them scattered around",19.0,3.95,0,United Kingdom,3,birthday card
24,"Pagoda Greeting Card, Kew Gardens London, Japanese Happy Birthday Card, Landscape Art, Original Watercolour, Watercolor, Botanical Painting",59,1,5,40,3.00,1,281,20,*A4 GICLEE PRINTS AVAILABLE* All prints come with a certificate of authenticity guaranteeing Giclee Quality  ‚óô Giclee Print Dimensions: 8.3 x 11.7 Inches  -------------------------------------------------------  I spent the winter of 2018 painting the wonderful landmarks within Kew Gardens in West,4.0,0.0,0,United Kingdom,3,birthday card
25,"HAPPY BIRTHDAY Best-Tea, best friend card, pun card, bestie card",29,0,5,367,2.50,1,"2,013",3,"** Please be aware that Royal Mail are reporting delays to their service due to the ongoing situation with coronavirus with deliveries taking up to a week in some areas. Please order in plenty of time and if you have any questions or concerns, do get in touch. **  Happy Birthday Best-Tea.  A fun,",6.0,0.85,1,United Kingdom,4,birthday card
26,Balloons - Funny Scratch Birthday Card - Rude Adult Naughty 18+ Blow Job Sex Prize Boyfriend Girlfriend Husband Wife Partner Cheeky Love,84,0,5,"1,442",3.49,1,"16,948",20,"The Funky Card Co  *If custom option is chosen, Please leave your desired message in the notes at checkout or drop us a message.  ‚Ä¢ Single words or short phrases fit best  ‚Ä¢ Please clearly note exactly what you printed in EACH of the three balloons.  ‚úâÔ∏è CARD DETAILS ‚úâÔ∏è   ‚Ä¢ Card size - A6 (folded A5)",6.0,0.0,0,United Kingdom,1,birthday card
27,Happy Birthday Card | Floral Watercolour Birthday Card | Birthday Card | Blank Inside |  Kraft Envelope | Greetings Card,96,0,5,24,3.00,1,"9,507",15,"Beautiful Personalised Handmade Birthday Card.  * * * * * * * * * * *  Card Size: 150mm x 150mm  Card: Really sturdy 310gsm acid free, natural white textured photo inkjet greeting card.  Comes with a white insert sheet, matching envelope and is wrapped in cellophane.  * * * * * * * * * * *  Inside:",,0.99,0,United Kingdom,1,birthday card
28,"Personalised Handmade Birthday Card 40th, 50th, 60th, 70th, Sister, Friend, Daughter, Mum, Auntie, Cousin",24,0,5,"1,392",3.75,1,163,6,"Happy Birthday!  I love receiving and sending birthday cards, especially during times like these when you cant meet up with your friends and family to celebrate! However, you can still let them know youre thinking of them! Im sure theyd be so excited to receive this in the mail :)  I originally",6.0,0.0,0,United Kingdom,3,birthday card
29,Its Your Birthday Captain Holt Birthday Card,39,0,5,"2,070",2.95,1,993,11,"Have an unbe-leaf-able birthday! Lets soak up the rays and enjoy a birthday cheers in the sunshine - hopefully  Theres lots of love and hugs stuffed inside of this little card so why not send a loved one this quirky, colourful, birthday card to let them know youre thinking of them on their special",4.0,0.0,0,United Kingdom,2,birthday card
30,Plants | Succelents | Have An Unbeleafable Birthday | Punny Card | Pun Birthday Card | Greetings Card | Funny Card | Blank Inside | Birthday,51,0,5,149,2.80,1,"17,017",20,FREE SHIPPING on all greetings cards via First Class Royal Mail. The card has been left blank inside for you to add your own personal message by hand. Posted in a board backed envelope to ensure your cards stay flat during shipping As a company we work with Offset Earth to plant trees to reduce our,3.0,0.0,0,United Kingdom,3,birthday card
31,"Funny ANNIVERSARY / BIRTHDAY Card, Valentine's Day, Rude, Cheeky, Husband, Wife, Girlfriend, Boyfriend, Valentines ,Banter   - Hold Farts In",52,0,5,"1,328",2.99,1,"12,475",20,FUNNY ANNIVERSARY/BIRTHDAY/VALENTINES DAY CARD 300gsm white matt card  6 x 6 inches (15 cm x 15 cm) Blank Inside  Includes brown ribbed envelope  -------------------------------------------------------------------------------------------  P & P Information  Packaged in a cellophane bag  Posted in a,3.0,0.0,1,United Kingdom,1,birthday card
32,Boris Johnson Birthday Card - Funny Prime Minister Greetings card - Stay At Home,95,0,4.5,494,2.50,1,"6,011",5,"PLEASE NOTE - GIVEN THE CURRENT CLIMATE, WE WILL STILL BE SENDING PARCELS AS NORMAL UNTIL THE POSTAL SERVICE STOPS.  PLEASE NOTE THAT THERE COULD BE SIGNIFICANT DELAYS RECEIVING YOUR ORDER (Within UK up to 5 day delays but most places running as usual) - NO ORDERS WILL BE ELIGIBLE FOR A REFUND",4.0,1.15,1,United Kingdom,3,birthday card
33,"Donald Trump Funny Birthday Card, Lockdown Card, Funny Virus Birthday Cards for Him, Greetings Card, for Her, Boyfriend, Girlfriend",64,0,5,"3,866",3.20,1,"37,951",20,"Donald Trump Funny Birthday Card, Lockdown Card, Funny Virus Birthday Cards for Him, Greetings Card, for Her, Boyfriend, Girlfriend  - 3 for 2 OFFER! - Buy ANY two cards from NotNiceThings and when you place your order, leave an order note telling us which third card youd like us to include from our",3.0,0.76,1,United Kingdom,4,birthday card
34,"Plantable Seed Paper Birthday Card, Blank Inside, Flower Hare greeting card, Hares, Birthday card,Hare ,Flower card,Woodland animals",27,0,5,829,4.00,1,"4,638",20,"**** Please note , it will take 3-5 business days for your item to make and dispatch, plus delivery time which depends on the delivery method you choose before you placing an order. - you can request rush delivery - but please send me a separate message and bare in mind that although I will do my",7.0,0.76,1,United Kingdom,10,birthday card
35,Lockdown Birthday card - 2020 Birthday card - Funny birthday card - Isolation Birthday card - Self isolation Birthday 2020 - Funny card,5,0,5,"1,127",2.95,1,"7,808",20,This card is perfect to send to someone celebrating their Birthday during lockdown. A great card to keep as a reminder of the 2020 lockdown and time in self isolation where you have to celebrate a birthday at home.  The card comes with a brown Kraft envelope. The card is A6 in size and is printed on,5.0,0.0,1,United Kingdom,1,birthday card
36,"Sh*t On It, Friday Night Dinner Birthday Card",39,0,5,"2,070",2.95,1,"17,015",20,FREE SHIPPING on all greetings cards via First Class Royal Mail. The card has been left blank inside for you to add your own personal message by hand. Posted in a board backed envelope to ensure your cards stay flat during shipping As a company we work with Offset Earth to plant trees to reduce our,3.0,0.0,0,United Kingdom,3,birthday card
37,"Happy birthday card, Bird birthday card, Nature lover birthday card, 3d Birthday card, Wife birthday card, Mum birthday card, birthday card",17,0,5,"2,361",4.99,1,"6,708",16,A quirky contemporary greeting card with a blonde gold foil finish. Matched with a luxury cream envelope with a gold dotty liner. Made from: 300g card Size: 109mm x 155mm  Our contemporary greeting cards use quirky captions alongside foil and embossed finishes with bespoke patterned envelope liners,6.0,0.0,1,United Kingdom,1,birthday card
38,Happy Birthday Forever Friend Greeting Card,57,0,5,723,3.00,1,"14,024",20,"Each piece at Chau Art is originally hand designed and elaborately cut, which then be laser produced on 300 gsm FSC certified paper. Chaus designs are noted for their intricate and feminine visuals inspired by nature and the surrounding world, making it card a piece of miniature card to keep, to",3.0,0.99,1,United Kingdom,1,birthday card
39,"Personalised Handmade Rainbow Birthday Card 1st 2nd 3rd 4th 5th 6th 7th 8th 9th Sister, Cousin, Daughter, Granddaughter",24,0,5,"1,392",2.99,1,"32,313",20,"Womens Birthday Card Using high quality materials to create a lovely, handmade card for a special birthday , choose a card unique for them to cherish . With our competitive prices and attention to detail, our handmade birthday cards are printed on a high quality textured card with a personal touch",5.0,0.0,1,United Kingdom,2,birthday card
40,Yoda Best Son Star Wars Birthday Card Christmas Card Gift For Him Mandalorian Love Family Greeting Comedy Funny Humour,100,1,5,12,2.75,1,440,20,"Yoda Best Son Star Wars Birthday Card Christmas Anniversary Valentines Mandalorian Love Family Bday Greeting Comedy Funny Humour  6x6 inches white premium matte card Choice of white, brown kraft, green or red envelope Left blank inside for your own personalised message  We try our best get all",4.0,1.0,1,United Kingdom,6,birthday card
41,Happy Jar Happy Box | Mental Health Positivity Box | 365 Positive Motivational Daily Quote Cards | Lockdown Gift | Christmas gifts for her,103,1,,0,19.00,1,14,9,"Funny, high quality Birthday Card that your recipient will love! Blank Inside.  ‚ÄòThanks for putting your phone down long enough to read this card‚Äô üòÇ  DETAILS: - 15cm x 15cm greeting card, professionally printed onto high quality 300gsm stock card, red envelope included. - Cards are blank inside for",4.0,1.0,0,United Kingdom,1,birthday card
42,Thanks For Putting Down Your Phone,0,0,,0,,1,63,2,"Handmade Beautiful Elegant Birthday Card, An envelope exploding full of flowers and wishes for your loved ones.  Happy Birthday written inside, envelope 120 gsm included  * 250 gsm Anita‚Äôs square card base *Size:152 X152 cm  * Acid free *Handmade embellished with flowers, ribbons.  *The theme is",,1.25,0,United Kingdom,6,birthday card
43,Exploding Envelope,0,0,,,,1,"8,908",3,10 Card Pack All Different General Purpose Cards  5.5 inch x 4.25 inch Blank Inside Printed on 120lb smooth heavy stock papers Our logo on back,,13.05,1,United States,6,birthday card
44,"Birthday Card Rocket/Space, Unique card for Grandson, Advent Card for Birthday, 3rd 4th, 5th or 6th Birthday Card, Birthday Countdown Gift",0,0,,,,1,27,1,"A rocket advent calendar for birthdays! 3-2-1 Lift Off. A fun Birthday Countdown Card for children who love space, rockets and the moon . Pull open the card to see the rocket at its full length and open the numbered windows on the week running up to the birthday to find a different recognisable",,0.0,0,United Kingdom,9,birthday card
45,Handmade Personalised Women's Birthday Card Daughter Granddaughter Niece 18th 21st 30th,4,0,5,"4,125",3.49,1,"9,507",0,"Beautiful Personalised Handmade Rainbow Birthday Card.  * * * * * * * * * * *  Card Size: 150mm x 150mm  Card: Really sturdy 310gsm acid free, natural white textured photo inkjet greeting card.  Comes with a white insert sheet, matching envelope and is wrapped in cellophane.  * * * * * * * * * * * ",,0.99,0,United Kingdom,1,birthday card
46,FLOWER BIRTHDAY CARD | Birthday Card for Her | Orchid Card | Flower Photo Card | Floral Birthday Card | Birthday Card | Botanical Card,21,0,5,93,2.30,1,"4,751",20,"An incredibly cute A6 card featuring a hand illustrated Hedgehog, with text Heres a birthday Hedge-hug.  ‚óã A6 size (105 x 148mm / 4.25 x 6.25) ‚óã Blank inside for your own message. ‚óã Kraft envelope included. ‚óã FSC certified Matt-finish 300gsm card.  Get any 3 Cards for ¬£7:",5.0,0.0,1,United Kingdom,4,birthday card
47,"Birthday Card, Hedgehog Card, Birthday Cards, Funny Cards, Hedgehug Card, Cute Animal Cards, Illustrated Card, Celebration Card, Animal Card",12,0,5,741,3.35,1,"1,008",20,"Flower birthday card featuring a pink orchid on a white background, photographed in my home studio. The card has a 1.5cm white border around the image.  Please be aware that I am unable to personalise cards or send them directly to the recipient.  This is a single birthday card with Happy Birthday",5.0,1.0,0,United Kingdom,3,birthday card
48,Favourite Human Birthday Card | Boyfriend Birthday Card | Card for her | Card for boyfriend | Card for him | Cute birthday cards,65,0,5,552,3.00,1,"5,062",20,"IMPORTANT DELIVERY UPDATE: With the increased orders and with Royal Mail now not delivering on Saturday‚Äôs there may be a slight delay in orders, please order with plenty of time in advance of needing them. They will still be with you in a speedy manor but just slightly more delayed than usual. Thank",4.0,0.85,1,United Kingdom,2,birthday card
49,"I love you this much. Wife, girlfriend, friend, birthday, anniversary, love,  red enamel heart - hand enamelled art card.",81,0,5,"2,670",2.95,1,"22,662",20,"This little chap has his arms stretched as far as they‚Äôll go, to show just how much you love them.  Choose from A6 (105mm x 148mm) or supersize to A5 (148 x 210mm).  The glossy red love heart is hand enamelled wood.  Save on postage - We only charge P&P for the first item no matter how many you buy.",4.0,1.0,1,United Kingdom,6,birthday card
50,"Funny Cat Birthday Card, Needle Felt Party Cats Illustration Cards, Quirky Humour Animals",53,0,5,344,3.80,1,"1,880",12,Funny birthday card picturing cute needle felted cats having a very awkward party. Maybe someone needs to get out the catnip!  Size - 148mm x 148mm Envelope - Kraft Material - 300gsm Trucard  Blank inside for your own personal message.  Cards are sent first class by Royal Mail in a hardbacked,,1.5,1,United Kingdom,1,birthday card
51,PERSONALISED cute pretty Pink Champagne birthday card 18th 21st 30th 40th 50th any age,10,0,5,407,3.99,1,"3,773",20,Everyone knows at least one person who will appreciate an alternative greetings card! Front reads AS IMAGE with any name  Inside is blank  All cards are printed on quality card-stock and come with an envelope! All items come from a smoke free home. Thanks for looking :) Please message with any,5.0,0.0,1,United Kingdom,8,birthday card
52,Personalised 5 x 7 inch Birthday Card - Bunting Card - Brown Kraft - With Matching Envelope & Free UK Shipping,91,0,5,518,4.50,1,"4,446",20,This is a traditional looking 5 x 7 inch (approx) card with a modern twist! Lovely hand cut and hand written bunting mounted on quality twine is the centre piece of this stunning card. Laser cut wooden hearts and cute little glue dots finish this card of nicely.  This card is sure to stand out from,5.0,0.0,1,United Kingdom,7,birthday card
53,"Happy Birthday, u Chickie Nuggie Birthday Card - Chicken Nugget - Baby Yoda - Cute Greeting Card - Funny Card - Food Card - Chicky Nuggies",105,0,5,259,2.75,1,"2,007",20,"‚ÄòHappy Birthday You Chickie Nuggie‚Äô Character Greeting Card DETAILS: - A6 portrait greeting card, printed on 300gsm card. - Recycled kraft envelope included. - Cards are blank inside. - Customised printed messages inside are NOT available. However, I can handwrite your messages at no extra fee. ",4.0,1.0,0,United Kingdom,1,birthday card
54,"ANY AGE Personalised Birthday Card for Her ""Balloons amongst the Stars"". Happy 18th, 21st, 30th, 40th, 50th Card for Daughter Granddaughter",70,0,5,"1,080",3.99,1,"10,427",20,"Personalised Birthday Card.  Card is a folded tent style card, blank on the inside.  This birthday card is A6 size (10.5cm x 14.8cm) and comes with a C6 brown kraft envelope.  Comes personalised with a name and age of your choice on the front.  International shipping typically takes 5-9 working days",5.0,0.0,1,United Kingdom,1,birthday card
55,Personalised Cute Animal Birthday Card / Adorable Baby Animal Detail / Children's Age & Name / 1st First Birthday / Child's Kid's Gift,73,0,5,"1,184",2.95,1,"8,969",20,"Celebrate the milestone of a special birthday in style with this original papercut birthday card. It features heart shaped balloons displaying the chosen age, set amongst a clutter of stars, with the recipients name incorporated to create a thoughtful, personalised card. If your chosen age does not",5.0,1.1,1,United Kingdom,6,birthday card
56,"RuPaul 'Category is Birthday Realness' RuPaul Drag Race, RuPaul Doll, Happy Birthday, Birthday Card, Drag Queen, GAY, RuPaul Birthday Card.",19,0,5,191,2.99,1,"36,909",20,"Details Funny Birthday card designed exclusively by For Cards Sake  Reads Imagine how amazing your birthday could have been  Inside of card: Blank  -Size: 7x5 -Original design -Printed on white, 400gsm cardstock -Professionally printed, cut and scored -Includes vintage style brown envelope  Packaged",4.0,0.0,1,United Kingdom,1,birthday card
57,Funny Birthday Card for him or her | Imagine how amazing your birthday could have been,32,0,5,"3,796",3.50,1,"1,342",20,A6 sized greeting card with a white envelope. (Blank inside)   Delivery Information:  - We dispatch all UK orders on a FIRST CLASS delivery. - We send all orders within a protective hardback envelope to avoid any bends and damages. - Please note First Class does not guarantee next day delivery.  ,4.0,0.79,0,United Kingdom,2,birthday card
58,Personalised Birthday Card Laser Paper Cut Greeting Cards | Happy Birthday Age Card | Any Name Any Age 1st 16th 21st 30th 50th 70th 80th,68,0,5,"6,090",3.99,1,"76,730",20,"Personalised Birthday Card Laser Paper Cut Greeting Cards | Happy Birthday Age Card | Any Name Any Age 1st 16th 21st 30th 50th 70th 80th 100th  Elite design personalised papercut birthday card, perfect for happy birthday greeting  Size: A5 (21 * 15 cm) Handmade in UK  Personalised with the happy",7.0,0.99,0,United Kingdom,6,birthday card
59,Personalised Papercut Birthday Card For Boy And Girl - Birthday Card For Baby Boy - First Bithday Card - 1st Birthday Card - 1st 2nd 3rd,85,0,5,"2,083",3.18,1,"15,826",20,"Send the little one your wishes in style¬†on their birthday with our¬†Personalised Papercut Age Birthday Card. Its the perfect card to gift to celebrate the special day.  ¬† The papercut is presented on a standard card format, so all your wishes written inside the card will not be visible from the",5.0,0.0,1,United Kingdom,1,birthday card
60,"Happy Birthday From The Best Decision You Ever Made - Funny Birthday Card, Cheeky, Romantic Birthday Card, For Him, For Her",23,0,5,"1,636",2.50,1,"37,951",20,"Disinfected Funny Birthday Card, Lockdown Greeting Cards, Social Distance Birthday Cards for Him, For Her, Cards for Dad, For Mum  - 3 for 2 OFFER! - Buy ANY two cards from NotNiceThings and when you place your order, leave an order note telling us which third card youd like us to include from our",3.0,0.76,1,United Kingdom,4,birthday card
61,"Disinfected Funny Birthday Card, Lockdown Greeting Cards, Social Distance Birthday Cards for Him, For Her, Cards for Dad, For Mum",64,0,5,"3,866",3.20,1,"17,318",6," A6 size card: 4.1 x 5.8 inches approx. Fun and unique greeting cards.  üíå WHAT YOURE BUYING üíå  - CARD SIZE: 4.1 x 5.8 INCHES. - Matte white, 300gsm card. - Blank inside. - Professional print. - Quality Kraft envelope. - Packaged within a cello sleeve for protection.  üì´ DELIVERY üì´  Our cards are",,1.0,1,United Kingdom,1,birthday card
62,ANY AGE / RELATION Birthday Card - 10th 11th 12th 13th - Niece Granddaughter etc - Personalised Handmade,28,0,5,"1,677",3.90,1,"15,981",20,"Stunning Personalised Birthday Card, with lovely star design and embellished with clear gems Please let me know the personalisation details youd like on the card. *Name *Age *Relationship  Printed on high quality 300gsm white card Size 148mm x 148mm square Supplied with quality 100gsm diamond flap",5.0,0.0,1,United Kingdom,2,birthday card
63,Black Cat Happy Birthday Box Card. Handmade from recycled card. Great for a man. Can add your message and sent direct.,61,0,5,"1,157",4.95,1,"5,919",20,"Every element has been designed, drawn, hand cut and assembled by me including my illustration of a black cat with bright green eyes. I have added the sentiment ‚ÄúHappy Birthday‚Äù to the front. There is a blank panel on the reverse for you to write your own message; or I can add something here for you",,1.95,1,United Kingdom,9,birthday card
64,40th Birthday Card. 1980 Personalised Birthday Card and Gift Tag. Free U.K. P&P.,31,0,5,"1,107",4.00,1,"8,207",20,For all those who are 40 this year...Remind them with a big bright card with 1980 on it. Personalised with the name of your choice along the bottom and in the mini square above. Sit back whilst they enjoy finding out they are the same age as Pac Man and Crunchy Nut Cornflakes  We can add a,3.0,0.0,1,United Kingdom,4,birthday card
65,"Design card ""I like you a bit more..."" / Greeting card / Postcard / Gift Card / Art Print",36,1,5,732,1.41,1,"6,416",5,Ideal for Valentines Day! A loving and funny postcard  Our beautiful postcards in the format A6 (105 x 148 mm) consist of a sturdy 350g/m2 design board with a fine natural structure. The cards are uncoated and thus have a super-matte surface with noble feel. The back is of course writable and can be,,3.0,1,Germany,1,valentines card
66,I love you to the moon card | cute card,11,1,5,8,2.95,1,55,20,"Show someone you care with this I love you to the moon greeting card. Perfect for sending on a special occasion like an anniversary, wedding, birthday... or just because its nice to tell someone special how you feel.  ‚òÖ Blank inside so you can add your own message  ‚òÖ Standard A6 greeting card with",4.0,0.8,0,United Kingdom,5,valentines card
67,Personalised Silver Penguin Couple with Red Love Heart Papercut Card for Wedding- Anniversary- Valentines- Wedding Invitation- I Love You...,41,1,5,293,5.95,1,"1,787",0,Everyone loves a Penguin and this cute couple are in love! Available in five gorgeous styles:- ‚ù§Ô∏è White Card with Shiny Silver Penguins. ‚ù§Ô∏è Red Card with Shiny Silver Penguins. ‚ù§Ô∏è White Card with Shiny Gold Penguins. ‚ù§Ô∏è Cream Card with Shiny Gold Penguins. ‚ù§Ô∏è Christmas Penguins. HOW MY CARDS ARE,6.0,1.0,1,United Kingdom,9,valentines card
68,Whale Enamel Pin Card - Pin Card,67,1,5,"10,544",3.82,1,"70,092",14,"This loveable whale enamel pin greeting card would make a great card for a loved on to celebrate Valentines Day, an anniversary or just to say you love them! The greeting card features a beautiful gold enamel pin in the shape of a whale.  Each enamel pin card is packaged in a protective envelope to",,0.95,1,United Kingdom,1,valentines card
69,Lobster card,97,1,5,4,2.50,1,24,3,"Illustrated lobster greeting card  Details:  ‚Ä¢ Illustration image of lobster, reads youre my lobster on kraft brown card ‚Ä¢ unique card made exclusively @ designsbyLOB ‚Ä¢  ‚ñ™Ô∏éOriginal design ‚ñ™Ô∏éDigitally illustrated by artist ‚ñ™Ô∏éInside of card: blank ‚ñ™Ô∏éPrinted in black ink onto 100% recycled, 300gsm, A6",4.0,1.0,1,United Kingdom,3,valentines card
70,"Ducks In Love Greetings Card, Ducks Valentine's Card, Valentines Card, Duck Anniversary Card, Wedding Card, Cute Valentines",6,0,5,281,2.50,1,"2,001",13,Wish your duck or animal loving significant other a happy Valentines Day with this cute funny duck card.  Hand drawn picture of two cute cuddling ducks scanned and professionally printed on high quality 300gsm Trucard  Perfect greetings card for Valentines or to send your love to a significant other,,1.2,1,United Kingdom,3,valentines card
71,I Just Really Love You Card - Anniversary Card - Valentines Card - CC68,67,0,5,"10,544",2.12,1,"70,093",0,This simple and bold hand lettered romantic card is perfect for Valentines Day with the message I just really really love you.  Each card is packaged in a protective envelope to ensure your card arrives in perfect condition. Please note that props are not included.  Size: A6 (105 x 148.5mm)  Thanks,,0.95,1,United Kingdom,1,valentines card
72,"Husband Anniversary, Carl & Ellie Anniversary Card, Beautiful Words, Anniversary Cards, I Love You, Valentines Card",104,0,5,615,2.99,1,"4,500",6,"Really Cute and Romantic Card Great for Valentines or Anniversary.  Printed on a quality white 300gsm card, 150mm x 150mm in size, supplied with a white envelope and cello bag. Card is left blank inside for your own personalised message.  Due to layout, no other messages will be added to the card.",4.0,0.0,0,United Kingdom,1,valentines card
73,"Cact-us. Funny Cute Anniversary Card, Valentine's Card, Birthday Card, One I Love Card",62,0,5,"1,360",2.75,1,"10,964",20,Send pots of love with this funny and sweet little cactus card. It measures 120mm x 170mm and is supplied with a bright yellow envelope. Designed and printed in the UK using high quality card from responsible sources. Blank inside for your own message.  - Funny greeting card - Designed and printed,5.0,0.0,1,United Kingdom,1,valentines card
74,"Funny anniversary card, cards for husband, card for boyfriend, cards for him, card for him, funny valentines card, valentines day card wife",18,0,5,"1,970",3.95,1,"16,968",19,***ALL CARDS ARE POSTED VIA ROYAL MAIL. DUE TO CURRENT ROYAL MAIL DELAYS WE ASK YOU ALLOW UP TO SEVEN WORKING DAYS FOR DELIVERY FROM THE DATE YOU ORDER***  PRINTED MESSAGE? If youve opted for us to print your message please type the message in the note to shop section when you view your cart before,4.0,0.0,1,United Kingdom,3,valentines card
75,Dachshund Card / Unique Anniversary Card / ' I love you this much' / A6 3-fold  / E_RC_013,33,0,5,444,4.00,1,"4,150",8,"‚óã A unique & thoughtful card designed for Anniversaries, Valentines Day & Christmas  ‚óã This quirky, extended card adds that little something extra to your message  ‚óã Cute card to make your partner smile  ‚óã Illustration created by Fox Red Design Studio  ‚óã Left blank inside for your own personal",4.0,0.0,1,United Kingdom,6,valentines card
76,"Bear Anniversary card,Bears Valentines Card, Cute Bears, Cute Bears Valentines card, Cute Bears Anniversary Card, Wedding Card",6,0,5,281,2.50,1,"2,001",10,Wish your bear loving significant other a happy Valentines Day with this cute illustration of cuddling bears.  Hand drawn picture of two cuddling bears scanned and professionally printed on high quality 300gsm Trucard. Perfect greetings card for Valentines or to send your love to a significant other,,1.2,1,United Kingdom,2,valentines card
77,Valentines card.funny valentines card.valentines card handmade.rude valentine.valentines card for him.naked.bum.girlfriend.boyfriend.wife,79,0,5,"4,821",2.99,1,"31,658",0,"Makers of greetings cards. Designed and made in the UK. Sold online. Funny, rude, cute, romantic and full of puns, we have cards for all occasions! We are planet friendly and plastic free - we use paper from sustainable sources and each greeting card comes with a recycled envelope. All cards are",6.0,0.0,1,United Kingdom,1,valentines card
78,Personalised Otter Valentines/Love/Anniversary Card,47,0,5,428,3.49,1,"2,862",0,Hand drawn valentines/Love/anniversary card reading ‚ÄúI‚Äôm otterly in love with you‚Äù and names of the couple along the tail - example shows ‚ÄúSam‚Äù and ‚ÄúJames‚Äù  - 5‚Äù x 7‚Äù cards available in cream or white with the option to be printed on 240gsm textured card or 250gsm smooth card - All cards come with,6.0,0.0,1,United Kingdom,1,valentines card
79,You make miso happy.valentines card.pun valentines card.boyfriend.funny.handmade.Veggie card.miso card.funny foodie card.valentine pun card,79,0,5,"4,821",2.99,1,"31,659",14,"Makers of greetings cards. Designed and made in the UK. Sold online. Funny, rude, cute, romantic and full of puns, we have cards for all occasions! We are planet friendly and plastic free - we use paper from sustainable sources and each greeting card comes with a recycled envelope. All cards are",6.0,0.0,1,United Kingdom,1,valentines card
80,"Olive You Card, Love Card, Anniversary Card, Funny Anniversary Card, Birthday Card, Olive Card, Valentines Card, Punny Food Card",76,0,5,934,2.85,1,"4,754",0,"A great card for olive lovers! Lovingly screen printed by hand, this cute card has been left blank inside to add your own message. Size: 125mm x 125mm square Blank inside Paired with a dovetail grey envelope Printed on a lovely tactile white 300gsm recycled card stock using water-based, toxic free",4.0,0.76,1,United Kingdom,2,valentines card
81,"I'm Yours No Refunds Funny Valentines Card | Card for Him | Card for Her | Alternative Valentines Card | Valentines Day Card, Boyfriend",54,0,5,"2,897",3.00,1,"13,781",7,"Im Yours No Refunds Funny Valentines Card | Card for Him | Card for Her | Alternative Valentines Card | Valentines Day Card, Boyfriend  Back by popular demand!  Tell your better half how your really feel on Valentines Day with card stating Im Yours, No Refunds!. Hand designed, inspired by real",,0.85,1,United Kingdom,5,valentines card
82,"Lobster Card, Friends TV Lobster Card, You're My Lobster Card, Love Card, Anniversary Card, Wedding Card, Valentines Card",76,0,5,934,2.85,1,"4,754",9,"A lovely nod to Phoebe in Friends and for all of you who have found your lobster in life. Lovingly screen printed by hand, this cute card has been left blank inside to add your own message. Size: 125mm x 125mm square Blank inside Paired with a dovetail grey envelope Printed on a lovely tactile white",4.0,0.76,1,United Kingdom,2,valentines card
83,Remember When You Held In Your Farts - Funny Valentines Card - Boyfriend - Husband - Wife - Girlfriend,26,0,5,603,3.25,1,"7,061",3,This awesome Remember when you held in your Farts Valentines card is a great card for your smelly other half.  This EllieBeanPrints Greetings card is available in 2 sizes; (A6) 105mm x 148mm - 4-1/8 x 5-7/8 inches - 300gsm High Quality Matt Finish (A5) 148mm x 210mm - 5-7/8 x 8-1/4 inches - 300gsm,5.0,0.0,0,United Kingdom,1,valentines card
84,"Funny Valentines Card, Favourite Weirdo, Internet Dating, Love Card, Tinder Card, Anniversary Card, Illustrated Card, Fancy You, Playful",66,0,5,734,2.95,1,"4,804",10,"(Funny Valentines Card, Favourite Weirdo, Internet Dating, Love Card, Tinder Card, Anniversary Card, Illustrated Card)   Hand designed and printed here at Oh! Darling Paper Co, this is a lovely card to send to someone special. It is printed with a blank inside making it suitable for birthdays,",5.0,0.0,1,United Kingdom,1,valentines card
85,"Fox lover card, Cute Valentines card, Valentines day card, Romantic Valentines card, Valentines card for her, Card for him, Anniversary card",17,1,5,"2,361",3.99,1,"14,024",0,"Each card at Chau Art has been elaborately hand designed and cut by hand before being laser cut on high quality 300 gsm paper. The card features a combining technique of our trademark laser cutting with gold foil printing that forms a luxury and contemporary aesthetics, perfect to express your",3.0,0.99,1,United Kingdom,1,valentines card
86,LOVE YOU card | Anniversary | VALENTINES | I love you card | special person,45,1,5,24,3.14,1,150,11,"This is a card for someone you love or really blumin like a lot. Maybe Valentines, maybe Anniversary, maybe just a special moment to let them know what they mean to you. Blank on the inside. I dont want to cramp your style...  Printed on FSC AND RECYCLED paper. We are responsible for where we source",,0.0,0,United Kingdom,2,valentines card
87,Valentines Day - Printable Fortune Cookie Valentine - Classroom Valentines - Non Candy,50,1,5,"1,527",3.77,1,25,1,Sympathy - Forever In Our Hearts Always On Our Minds. Inside: Love This is the perfect condolence card for family or close friend. Measuring 4 1/2 width by 5 3/4 height. Left hand panel blank for personal note of condolence. White envelope included.,14.0,7.84,1,United States,1,valentines card
88,5 pcs Flying Butterfly - Magic - Surprise Birthday Christmas & any Special Occasion,87,1,5,19,12.69,1,108,17,5 pcs Card Magic Flying Butterfly Surprise Birthday Christmas & any occasion. Condition is New. Shipped with USPS First Class Package.  Check our video https://youtu.be/p0aROebA8S0 ‚ô•Ô∏èMATERIAL‚ô•Ô∏è: Made from high-quality environmental paper material as for butterflys wings; the plastic as a butterflys,,10.8,0,United States,10,valentines card
89,Sympathy - Forever In Our Hearts,16,1,5,8,2.50,1,"16,730",0,"Valentines Day - Printable Fortune Cookie Valentine - Classroom Valentines - Non Candy    INSTANT DOWNLOAD: So fortunate to have you as a friend! This delightful treat topper style Valentine is sure to be a hit for any classroom, especially paired with a fortune cookie! This Valentine when folded",,,0,,4,valentines card
90,You're a Stunner Valentines Card | Love Card | Valentines Day Card,34,0,5,"2,557",2.75,1,"19,589",6,Let someone know they‚Äôre absolutely stunning!  Send this card directly to the recipient by choosing the ‚ÄòHandwritten Message‚Äô option before adding to cart. Please put your message in the notes when purchasing your card.  RELATED ITEMS Check out our wrestling phone case - https://etsy.me/2Qvolwr,4.0,0.7,1,United Kingdom,1,valentines card
91,Day & Night Hugging cats card Anniversary card Cat love Card for wife girlfriend Cat valentines card Cat lady card I love you card Cute,38,0,5,"4,450",3.50,1,"23,655",8,"I love you to the moon and back... This super cute card is perfect for birthdays, anniversaries, or just because! The card is 148x148mm square, professionally printed with vivid inks on beautifully textured white card. It is accompanied by a pink envelope and carefully sealed in a cello bag. This",11.0,1.5,1,United Kingdom,6,valentines card
92,Day & Night Hugging cats card Anniversary card Cat love Card for wife girlfriend Cat valentines card Cat lady card I love you card Cute,38,0,5,"4,450",3.50,1,"23,655",0,"I love you to the moon and back... This super cute card is perfect for birthdays, anniversaries, or just because! The card is 148x148mm square, professionally printed with vivid inks on beautifully textured white card. It is accompanied by a pink envelope and carefully sealed in a cello bag. This",11.0,1.5,1,United Kingdom,6,valentines card
93,Soot Sprite - Valentine‚Äôs Day Card - A6 - Greeting Card - <3 - Valentines Card - Spouse - Sending Love - Illustrated Card - Studio Ghibli,72,0,5,63,3.50,1,324,20,"This listing is for one A6 Valentine‚Äôs, Anniversary or Birthday Card, featuring one loved up soot sprite! Comes with a Brown or Red Envelope and protected inside recyclable paper bags. <3 (*comes in cello bag if shipping international*)  Taken from my Original Gouache Illustration and made into a",,0.0,0,United Kingdom,2,valentines card
94,South Park - Funny Valentines Card - Birthday Card - Anniversary Card - Jimmy Valmer,86,0,5,155,3.49,1,"1,333",0,Spread love this Valentines Day with J.. Jimmy Valmer.  Fresh out of South Park comes this very funny Jimmy Valmer Valentines Card. Also ideal as a Birthday or Anniversary Card.  Perfect for any lovers of South Park and Jimmy!  ________________________________________________________________  Cards,4.0,1.0,0,United Kingdom,1,valentines card
95,"Steal The Bed Covers Anniversary Card, Funny Anniversary Card, Cute Anniversary Card, Anniversary Card for Boyfriend/Girlfriend, Valentines",40,0,5,483,2.99,1,"4,740",9,"COVID 19 UPDATE - PLEASE READ BEFORE PURCHASING  We are open as normal and dispatching your orders as quickly as possible. However, due to the ongoing situation with Covid-19, the postal service is experiencing major delays affecting delivery times. Therefore, when purchasing cards and gifts please",6.0,0.0,1,United Kingdom,2,valentines card
96,anniversary card -  valentines card - love -romantic - wedding - ruby wedding-girlfriend- wife-boyfriend- husband- love you,90,0,5,262,2.95,1,"1,668",1,"Hand drawn romantic card with stickman couple on swing and heart detail. A lovely card for that someone special in your life for anniversary, wedding,Valentines day or just to say love you. Wording can be changed just message me to discuss your requirements. Each card is 6x 6 inches and comes",,0.0,0,United Kingdom,1,valentines card
97,"You Make My Flaps Happy! - PC 01 FB,funny cards,banter cards,funny valentine,valentines,flaps happy,vagina cards,husband,boyfriend,wife",8,0,5,"2,329",2.90,1,"17,834",4,"Our cards are guaranteed to get you some laughs! Theyre super thoughtful & what every person wants to receive (sometimes)  Select from either folded A6, A5 or our MASSIVE A4 Card!. 350gsm glossy card Includes coloured envelope Cellophane bag packed  To see our full range go to www.bantercards.com &",6.0,1.3,1,United Kingdom,1,valentines card
98,"I Choo Choo Choose You Funny Valentines Day Card For Him For Her | Cute Valentines Card | Anniversary Card | For Boyfriend, For Girlfriend",46,0,5,571,3.90,1,"4,011",3,VALENTINES DAY CARD ORDERING DEADLINES:  ‚Ä¢ UK CUSTOMERS ‚Äì ON OR BEFORE MONDAY 10th FEBRUARY ‚Ä¢ OVERSEAS CUSTOMERS ‚Äì ON OR BEFORE MONDAY 3rd FEBRUARY  Any orders placed after these dates may reach you in time but cannot be guaranteed. Orders beyond these deadlines will therefore be at your own risk. ,4.0,0.95,1,United Kingdom,8,valentines card
99,Netflix Love Card | Funny Cards | Anniversary card | Valentines Card | Card for her | Card for him,2,0,5,"3,225",2.50,1,"20,843",4,"Possibly the highest compliment you can give, this unique and minimal typography greeting card is perfect for your other half or bff.  The hand lettered quote simply reads theres no one Id rather watch netflix with, making it the perfect card for valentines day, your other halfs birthday or to show",,1.0,1,United Kingdom,2,valentines card
100,Funny rude valentines card for him sexy card for husband funny sexy Valentines Card sex anniversary card rude oral sex humour card NC71,63,0,5,177,3.50,1,"1,693",3,"The perfect funny rude card to send to a boyfriend, husband, fiance or friend with benefits (who have a sense of humour) on Valentines Day, special anniversary or birthday. At Naughty Corner Designs we love to create cards that are slightly risqu√©, that stand out from all other occasion cards and",3.0,0.0,0,United Kingdom,9,valentines card
101,Funny Fart On Me In Bed Card - Funny I Love You Card - Funny Husband Card - Funny Boyfriend Card - Anniversary Card - Valentines Card #106,48,0,5,"3,777",2.95,1,"38,547",6,"We will be closed from the 16th of December 2020 until the 5th of January 2021. Any orders placed after the 16th of December will not be dispatched until we return on the 5th of January.  Thank you for your continued support throughout 2020, we wouldnt be here without you! ",6.0,0.0,1,United Kingdom,7,valentines card
102,"Valentines card until we say I do, Cute valentines card for fiancee or fiance wedding countdown",89,0,5,"1,079",2.75,1,"14,039",0,‚Ä¢ All cards are printed on 300gsm smooth white card ‚Ä¢ Cards measure 14.8cm x 14.8cm (approx. 6 inches x 6 inches) ‚Ä¢ Cards come complete with a kraft brown envelope ‚Ä¢ All cards are sent blank unless you have selected to add a typed message inside. Messages can be left at checkout. ‚Ä¢ Some cards,3.0,0.75,1,United Kingdom,1,valentines card
103,"Funny Drake Card, Anniversary Card For Him, Anniversary Card For Her, Happy Anniversary, Relationship Card, Valentines Card - #040",48,0,5,"3,777",2.95,1,"38,547",0,"We will be closed from the 16th of December 2020 until the 5th of January 2021. Any orders placed after the 16th of December will not be dispatched until we return on the 5th of January.  Thank you for your continued support throughout 2020, we wouldnt be here without you! ",6.0,0.0,1,United Kingdom,7,valentines card
104,"Funny Relationship Card, Boyfriend Card, Fart Card, Husband Card, Girlfriend Card, Wife Card, Anniversary Card, Valentines Card - #020",48,0,5,"3,777",2.95,1,"38,547",0,"We will be closed from the 16th of December 2020 until the 5th of January 2021. Any orders placed after the 16th of December will not be dispatched until we return on the 5th of January.  Thank you for your continued support throughout 2020, we wouldnt be here without you! ",6.0,0.0,1,United Kingdom,7,valentines card
105,Hedgehog Valentine Cards - Handmade watercolour,7,1,,0,4.53,1,19,0,This cute little guy is the greatest little card for your loved ones. Who doesnt love an adorable little hedgehog as a valentine card?,14.0,10.28,1,Canada,1,valentines card
106,Personalized Leather Magnetic Money Clip The Sanibel by Left Coast Original,99,1,4.5,"9,149",29.52,1,112,0,Laser cut Wooden Hearts for crafting cut from 3mm MDF and in plain colour - various sizes from 10mm to 120mm,,0.0,0,United Kingdom,2,valentines card
107,Play Lobster Cards | The most uplifting gift you can give | Adult Card Game | Gift for couples | Anniversary | Friends | Christmas Game,0,0,,,,1,"66,717",20,"*We strongly recommend upgrading your shipping to UPS or USPS Priority. Shipping carriers are expected to be flooded this holiday season.* Usually Ships in about 1-2 Days! Free Shipping!  Handmade from full grain leather, the natural variances in the grain really add charm to this piece. The hide is",14.0,21.95,1,United States,10,valentines card
108,Yoda Best Husband Star Wars Birthday Card Christmas Card Anniversary Valentines Mandalorian Love Family Greeting Funny Humour Gift for Him,0,0,,,,1,439,20,"Yoda Best Husband Star Wars Birthday Card Christmas Anniversary Valentines Mandalorian Love Family Bday Greeting Comedy Funny Humour  6x6 inches white premium matte card Choice of white, brown kraft, green or red envelope Left blank inside for your own personalised message  We try our best get all",4.0,1.0,1,United Kingdom,5,valentines card
109,Laser cut wooden heart shapes (various sizes),0,0,,,,1,4,4,"The most uplifting gift you can give! Watch ‚ÄòYour Lobsters‚Äô face light up when you tell them why you love them! Or remind yourself what makes you special! Not just a game for those in search of love, Lobster Cards gives you the reason and the words you need to tell your loved ones just why you love",5.0,0.0,1,United Kingdom,6,valentines card
110,Something Amazing - Funny Valentines Card - Cute Best Friend Boyfriend Girlfriend Joke Humour Meme Post Box Man Love Gift Present Partner,84,0,5,"1,442",2.99,1,"16,948",0,üíñ Valentines Day Shipping Deadlines üíñ PLEASE DO NOT ORDER IF YOU LIVE OUTSIDE OF THE UK Last date for International Orders was the 27th Jan UK last orders - Monday 10th February  Orders placed after these dates can not be guaranteed they will arrive in time. Please do not go by the estimated,6.0,0.0,0,United Kingdom,1,valentines card
111,"You are my favourite Card. Fun Love card, valentines card, anniversary card or wedding day card",101,0,5,528,3.25,1,"3,118",5,"Celebrate someone special with this fun You are my favourite card. Made up of of fun paper-cut typography with a little red heart and scalloped edge. The card is perfect for a valentines card, engagement card, anniversary card, wedding day card, or just any day you want to tell someone special that",4.0,0.0,1,United Kingdom,1,valentines card
112,"You Are My Greatest Adventure! - Anniversary Card, Pixar, UP Inspired, Valentines Card, Husband, Wife, Girlfriend, Boyfriend, Fiance, Love",14,0,5,"2,247",2.60,1,"11,920",0,"You are my greatest adventure! Who didnt cry at UP?! (if you didnt you are a heartless monster) Send your loved ones this Disney / Pixar inspired handmade greetings card. ~Its the perfect anniversary card to truly tell your Wife, Husband, Girlfriend or Boyfriend how much you mean to them!  This is",,1.0,1,United Kingdom,2,valentines card
113,"Gothic Valentines Card, Coffin Shaped",88,0,5,728,2.70,1,"2,219",0,* international orders will not arrive in time for Valentine‚Äôs Day so please do not order if you need it by the 14th of February  Custom coffin shaped greetings card Card is roughly 6 inches tall and 3.5 inches across at its widest point  Available in black or red Printed with high quality matte,,0.8,1,United Kingdom,2,valentines card
114,"Farting Spoons! Funny Valentines Card, Card for Him, Card for Her",9,0,5,210,2.65,1,"2,112",0,‚≠ê BLACK FRIDAY SALE ‚≠ê ENJOY 10% OFF ‚≠ê SALE ENDS MONDAY ‚≠ê   Funny Sorry for farting on your willy when we spoon? greetings card.  Would make the perfect Valentines day card!  Product Details  ‚Ä¢ Printed on superb quality thick 350gsm silk coated card with the dimensions of 15cm x 15cm. ‚Ä¢ Blank inside,3.0,0.0,1,United Kingdom,1,valentines card
115,Pop Up 3D Koala Mother's Day Greeting Card! Birthday Valentines Card. PopUp Love Australia Heart Handmade Mother‚Äôs Mum Day,20,0,5,350,3.87,1,"2,100",3,I made this popup card for all of those people who love koalas. As the card is opened the cute koala pops out of the page and gives you a heart. Ideally for Mothers Day or the one you love.  A video of the card can be found on my twitter account @colinroytodd and Instagram account,,1.3,1,United Kingdom,3,valentines card
116,Valentines card - Koala love card - Charity card - Animal Valentines - Koala Kisses - Animal Anniversary card - Recycled card,93,0,5,245,2.80,1,"1,069",0,Koala kisses!  - 20% of sales of this card will be donated to Australian Animal charity WIRES. - To help aid them in rescuing and caring for Australian Wildlife in the disastrous wildfires that are spreading across Australia.   PRODUCT DETAILS:  Comes with a brown envelope ( as shown in the,,1.05,1,United Kingdom,9,valentines card
117,"I'm glad you turned me lesbian - Funny, Rude, Offensive, Lesbian, Novelty Valentines Card",74,0,4.5,46,3.49,1,420,11,"Valentines card reads Im glad you turned me lesbian. Makes for an ideal Valentines or birthday card, an LGBT birthday card, lesbian birthday card, LGBT Valentines card or lesbian Valentines card.  üóÇÔ∏è ABOUT THIS CARD üóÇÔ∏è - This card is sized 5 x 7 - Blank inside (Weve created the humour so its now up",3.0,0.0,1,United Kingdom,2,valentines card
118,Funny Husband Card - Anniversary Card - Love Card - Funny Boyfriend Card - Card For Him - Card For Husband - Funny Cards - Birthday Cards,30,0,5,"4,307",3.50,1,"23,662",0,"Hairy And Farty - Funny Handmade Anniversary Love Card  Funny hand made cards that are perfect for Valentines Day, Birthday or an Anniversary. Your boyfriend, girlfriend, husband, wife, fianc√©, fianc√©e or pet Llama are sure to love this cute design from our Roses Are Red greeting cards collection. ",,0.7,1,United Kingdom,4,valentines card
119,Cute Bee Card | Valentines Card | Valentine Card | Anniversary Card | Love Card,78,0,5,848,3.99,1,"3,677",3,"Do you know someone whos cuter than a bees bum?  Perfect for Valentines, an anniversary or just to tell someone how cute you think they are.  Taken from a hand painted watercolour design in soft blacks and honey coloured yellows its good enough to frame!  Printed onto FSC approved, ivory card using",3.0,0.99,0,United Kingdom,6,valentines card
120,"Dog Valentines Card, Whippet Card",75,0,5,387,3.50,1,"1,858",0, High quality print onto 350 gsm Cocoon Recycled card - 5 x 7 inch (12.7 x 17.7 cms) with a high quality white envelope - Packed in a cellophane wrap - made from 100% biodegradable material - please reuse it if you can! (I am phasing these out and replacing with the stripey bags in the photos to be,4.0,0.0,1,United Kingdom,10,valentines card
121,Brown Bear Love Card. Linocut Animal Greetings Card. For boyfriend. For girlfriend. Cute Illustrated Anniversary Engagement Valentines Card.,15,0,5,107,3.50,1,365,3,Theres lots of love in BlockForest! These cuddly bears cant help but make your special someone break out in a grin thats as big as theirs! Welcome to BlockForest! A faraway land filled with a happy gang of woodland creatures and critters. About this card:  - made from 280gsm premium 100% recycled,7.0,0.0,0,United Kingdom,3,valentines card
122,You're my Ride or Die Halloween/ Anniversary/ Valentine's Card,92,0,5,37,3.00,1,229,2,"Hand-designed, hand made Valentines card!  - Made from recycled matte card (lets save the planet!) - 14 x 14 cm - Blank inside for you to write your own message - Comes with white envelope - I usually ship your item the same day that you make your purchase! - UK can expect to receive your card in",,0.85,0,,2,valentines card
123,Personalised Valentines/Engagement/Anniversary/Celebration Card,44,0,5,460,5.50,1,"3,042",0,Handpainted Valentines/Engagement/Anniversary/ Card (Couple) and the words BE MINE - feel free to message me with alternate wording!  Pop in a frame and keep forever too! Card is 5 inch by 5 inch and supplied with an envelop. Cards are left blank inside for your own message. Please message me your,,1.0,0,United Kingdom,5,valentines card
124,You Take My Breath Away - Dwight Schrute - The Office - CPR -  Anniversary Card + Envelope,56,0,5,"1,166",2.95,1,"11,718",6,"PLEASE READ BEFORE YOU BUY  ‚ôªÔ∏è Recycled Paper & Card üå± Non Toxic Enviromentally Friendly Inks üå≤ Biodegradable Packaging ‚úâÔ∏è Bright Colourful Envelopes üìÆ Quick & Reliable Shipping   CARD SIZE  125x179mm (Smaller than A4 bigger than A5 size)   DETAILS  - Printed on 330gsm Extremely Smooth, Recycled",6.0,0.88,1,United Kingdom,1,valentines card
125,Together Forever - Illustrated Card - Blank Card - Anniversary Card - Alternative Valentines Card,94,0,5,"1,370",3.60,1,"4,616",0,Professionally printed illustrated Valentine‚Äôs Day card featuring one of my designs. Its blank inside and suitable for different occasions. Comes with a brown ribbed envelope.  SIZE: 148 x 148mm (around 6 x 6 inches)   More of my illustrated cards here:,,0.0,1,United Kingdom,2,valentines card
126,"Funny Rugby Valentine's Card, Card for boyfriend, Girlfriend Card, Rugby, Husband Card, Valentine's Card for Him, Birthday Card for Him",102,0,5,"3,761",3.75,1,"29,825",2,"An ideal Valentines card for a rugby lover! If your other half is a rugby fanatic then this is the ideal Valentines card for him or her. Featuring an illustration of a typical ruby scrum and the words Youre Scrummy (see what we did there?!), the card is the perfect way of telling your rugby loving",5.0,0.0,1,United Kingdom,2,valentines card
127,The Dog is my Favourite - Roses are Red - Funny Anniversary Card - Dog Love Card - A6 Valentines Day Card,2,0,5,"3,225",2.50,1,"20,843",0,"This minimalist typography card reads Roses are red, violets are blue, the dog is my favourite, but youre okay too because TRUE.  This slightly cheeky but to the point funny card makes the perfect valentines day card, anniversary card or even birthday card for him or her. If you have more than one",,1.0,1,United Kingdom,4,valentines card
128,Penguin Valentines Card / Personalised Romantic Valentine's Day card with names / Love cards / You are my penguin,42,0,5,"1,000",4.41,1,"12,300",0,"My Penguin Valentines Card Valentines Day is coming. Celebrate Valentines with this customized card. High quality, stylish and elegant! A warm smile will appear on everyones face who receive your special Valentines Day card. Our cards are printed on 255 gsm of high-quality paper.  This card comes",7.0,0.9,1,United Kingdom,1,valentines card
129,"Hugs Card, Hedgehog Birthday Card, Anniversary Card, Love Card, Valentines card, for husband, wife, girlfriend, boyfriend",60,0,5,824,2.95,1,"5,249",0,"Birthday Card, Anniversary, Love Card, Valentine card - sending the Hugs!  Cute little hugging Hedgehogs Illustration. Card for any occasion.  Smooth white 300 gram card 6 x 6 with premium white envelope.  This card is packaged in a cellophane sleeve.",,0.0,1,United Kingdom,8,valentines card
